<?xml version="1.0" encoding="UTF-8"?>
<project-private xmlns="http://www.netbeans.org/ns/project-private/1">
    <editor-bookmarks xmlns="http://www.netbeans.org/ns/editor-bookmarks/2" lastBookmarkId="0"/>
    <open-files xmlns="http://www.netbeans.org/ns/projectui-open-files/2">
        <group>
            <file>file:/C:/Users/Kellen/Documents/NetBeansProjects/BancoDeQuestoes/src/java/Bundle.properties</file>
            <file>file:/C:/Users/Kellen/Documents/NetBeansProjects/BancoDeQuestoes/src/conf/persistence.xml</file>
            <file>file:/C:/Users/Kellen/Documents/NetBeansProjects/BancoDeQuestoes/web/WEB-INF/web.xml</file>
            <file>file:/C:/Users/Kellen/Documents/NetBeansProjects/BancoDeQuestoes/web/index.xhtml</file>
            <file>file:/C:/Users/Kellen/Documents/NetBeansProjects/BancoDeQuestoes/web/WEB-INF/glassfish-resources.xml</file>
        </group>
    </open-files>
</project-private>
